strategy,gross_pnl,net_pnl,fees,fill_rate,realized_spread,implementation_shortfall,adverse_selection_cost,max_abs_inventory,inventory_std,max_drawdown,expected_shortfall_95,quote_uptime,message_rate_per_hour,accounting_error
fixed_spread,-143.35000000004487,-130.62949980004487,-12.720500200000002,0.005384155200410221,0.004277963272128456,0.0034974958263741147,0.011043405676130024,99.0,30.688507099318194,142.23252020001019,9.615526649999538,0.9395962414870193,18005.815537460687,-3.637978807091713e-11
avellaneda_stoikov,-110.58000000000668,-98.87571180000668,-11.704288199999993,0.004595702397217737,0.009776328052191295,0.0049301025163156304,0.006304753028880458,91.0,31.724600316457522,117.21648720000212,7.798841799999673,0.9753123559834093,18583.645101969403,-3.637978807091713e-12
queue_aware,-78.2899999999937,-67.8018479999937,-10.488152000000001,0.004069672798307016,0.014307524536535398,0.013604143947660506,0.01781897491821184,76.0,27.487680203571497,90.80578499999501,7.377152800000204,0.9946105791387168,18906.029372980258,5.4569682106375694e-12
toxicity_aware,-58.110000000002984,-47.33718320000298,-10.7728168,0.0042731564382223666,0.015000000000003073,0.008003128258604204,0.0095151199165806,52.0,20.38586202247036,71.00798179999765,4.714411756097656,0.994008909826412,18906.029372980258,-3.2741809263825417e-11
latency_aware,-58.110000000002984,-47.33718320000298,-10.7728168,0.0042731564382223666,0.015000000000003073,0.008003128258604204,0.0095151199165806,52.0,20.38586202247036,71.00798179999765,4.714411756097656,0.994008909826412,18906.029372980258,-3.2741809263825417e-11
