{
  "config_fingerprint": "59baf316d544cc64b312969f33222e76fb5af450ac5e9310b73c3f87fdd2ca98",
  "data_quality_status": "pass",
  "dataset_fingerprint": "a985e2d3cb1e14abf10f9b8a60177d7fdcf7244574a3cc137c312e00cca1ecce",
  "reconstruction_match_rate": 0.8916627429655223,
  "selected_queue_ahead_fraction": 1.0,
  "strategies": [
    {
      "accounting_error": -3.637978807091713e-11,
      "adverse_selection_cost": 0.011043405676130024,
      "expected_shortfall_95": 9.615526649999538,
      "fees": -12.720500200000002,
      "fill_rate": 0.005384155200410221,
      "gross_pnl": -143.35000000004487,
      "implementation_shortfall": 0.0034974958263741147,
      "inventory_std": 30.688507099318194,
      "max_abs_inventory": 99.0,
      "max_drawdown": 142.23252020001019,
      "message_rate_per_hour": 18005.815537460687,
      "net_pnl": -130.62949980004487,
      "quote_uptime": 0.9395962414870193,
      "realized_spread": 0.004277963272128456,
      "strategy": "fixed_spread"
    },
    {
      "accounting_error": -3.637978807091713e-12,
      "adverse_selection_cost": 0.006304753028880458,
      "expected_shortfall_95": 7.798841799999673,
      "fees": -11.704288199999993,
      "fill_rate": 0.004595702397217737,
      "gross_pnl": -110.58000000000668,
      "implementation_shortfall": 0.0049301025163156304,
      "inventory_std": 31.724600316457522,
      "max_abs_inventory": 91.0,
      "max_drawdown": 117.21648720000212,
      "message_rate_per_hour": 18583.645101969403,
      "net_pnl": -98.87571180000668,
      "quote_uptime": 0.9753123559834093,
      "realized_spread": 0.009776328052191295,
      "strategy": "avellaneda_stoikov"
    },
    {
      "accounting_error": 5.4569682106375694e-12,
      "adverse_selection_cost": 0.01781897491821184,
      "expected_shortfall_95": 7.377152800000204,
      "fees": -10.488152000000001,
      "fill_rate": 0.004069672798307016,
      "gross_pnl": -78.2899999999937,
      "implementation_shortfall": 0.013604143947660506,
      "inventory_std": 27.487680203571497,
      "max_abs_inventory": 76.0,
      "max_drawdown": 90.80578499999501,
      "message_rate_per_hour": 18906.029372980258,
      "net_pnl": -67.8018479999937,
      "quote_uptime": 0.9946105791387168,
      "realized_spread": 0.014307524536535398,
      "strategy": "queue_aware"
    },
    {
      "accounting_error": -3.2741809263825417e-11,
      "adverse_selection_cost": 0.0095151199165806,
      "expected_shortfall_95": 4.714411756097656,
      "fees": -10.7728168,
      "fill_rate": 0.0042731564382223666,
      "gross_pnl": -58.110000000002984,
      "implementation_shortfall": 0.008003128258604204,
      "inventory_std": 20.38586202247036,
      "max_abs_inventory": 52.0,
      "max_drawdown": 71.00798179999765,
      "message_rate_per_hour": 18906.029372980258,
      "net_pnl": -47.33718320000298,
      "quote_uptime": 0.994008909826412,
      "realized_spread": 0.015000000000003073,
      "strategy": "toxicity_aware"
    },
    {
      "accounting_error": -3.2741809263825417e-11,
      "adverse_selection_cost": 0.0095151199165806,
      "expected_shortfall_95": 4.714411756097656,
      "fees": -10.7728168,
      "fill_rate": 0.0042731564382223666,
      "gross_pnl": -58.110000000002984,
      "implementation_shortfall": 0.008003128258604204,
      "inventory_std": 20.38586202247036,
      "max_abs_inventory": 52.0,
      "max_drawdown": 71.00798179999765,
      "message_rate_per_hour": 18906.029372980258,
      "net_pnl": -47.33718320000298,
      "quote_uptime": 0.994008909826412,
      "realized_spread": 0.015000000000003073,
      "strategy": "latency_aware"
    }
  ]
}
